id	text
12362	agree
12364	aim
12359	act
12363	about
12361	aid
12360	across
12365	afraid
12366	along
12403	ash
12400	an
12401	and
12402	at
12397	asleep
12396	aloud
12398	animal
12406	around
12435	bark
12436	bar
12433	bait
12438	beef
12434	back
12437	bang
12439	bad
12451	bash
12464	been
12466	beg
12467	beep
12471	best
12484	bet
12474	bent
12469	belong
12477	bend
12500	better
12504	big
12507	bib
12501	between
12514	bit
12525	boast
12531	boo
12537	boom
12526	blister
12522	blend
12541	born
12553	bring
12554	but
12555	boss
12569	camp
12571	cannot
12568	cash
12572	chap
12570	champ
12592	chat
12586	charm
12566	carol
12602	chatter
12606	chip
12614	chips
12613	chug
12621	chum
12624	chops
12630	chop
12623	claim
12644	click
12645	coach
12646	clung
12642	coast
12635	clever
12652	coal
12665	collect
12671	continue
12681	cool
12680	cooking
12691	cot
12690	crept
12694	cost
12692	crash
12713	crest
12715	cricket
12721	crisp
12733	cub
12732	croak
12722	crouch
12725	crunch
12756	deck
12750	damp
12758	dash
12762	dark
12766	deep
12763	deeper
12777	den
12781	dent
12786	did
12793	din
12796	dock
12797	dim
12799	dip
12788	difficult
12819	dried
12812	drag
12826	due
12822	drunk
12828	duel
12832	dull
12844	dump
12846	dusk
12847	elastic
12861	end
12851	electric
12866	ever
12871	expect
12855	dust
12891	fact
12892	fail
12895	faint
12899	far
12896	fantastic
12910	fat
12914	fatter
12917	fax
12930	fed
12933	feel
12935	feed
12934	feeling
12951	fell
12950	felt
12952	fill
12958	finish
12964	flap
12970	fit
12973	flash
12968	fixing
12986	flat
12984	flex
12995	fluff
12997	flop
13001	flush
13003	foam
13015	fog
13020	foil
13019	foghorn
13029	fond
13033	for
13037	form
13040	forgot
13045	found
13051	free
13042	forget
13068	from
13067	fresh
13066	freezing
13069	fried
13071	frost
13091	froth
13093	fun
13104	fuss
13105	gang
13101	fund
13107	gas
13111	get
13120	good
13124	glad
13128	got
13137	gram
13133	grand
13138	greed
13135	grab
13152	grim
13153	grill
13166	grip
13171	gruff
13169	ground
13165	groan
13175	gulp
13174	grunt
13197	gust
13202	had
13204	habit
13209	happen
13214	hang
13224	harm
13216	hard
13223	hectic
13231	held
13238	heel
13245	her
13243	help
13253	herself
13261	him
13265	hid
13259	hiccup
13270	hint
13278	hip
13271	hiss
13291	hoot
13292	hot
13293	hit
13300	huff
13301	hotter
13303	hum
13306	hung
13320	if
13314	hunt
13321	hush
13327	ill
13336	it
13337	in
13334	indeed
13338	insist
13349	its
13354	jazz
13347	jail
13361	jig
13367	jog
13369	job
13375	join
13384	jot
13383	jug
13382	joint
13388	just
13387	jumper
13396	keen
13406	keep
13405	kept
13416	kiss
13417	kit
13425	lad
13424	lap
13428	laid
13433	led
13441	lend
13442	left
13447	less
13443	lent
13461	let
13468	lie
13463	lick
13470	lied
13464	lesson
13476	lift
13472	limp
13490	lip
13497	lit
13498	load
13499	loft
13505	look
13509	long
13515	lord
13514	looking
13519	loss
13530	lot
13531	lost
13535	luck
13541	loud
13542	mad
13554	march
13555	marsh
13553	maid
13557	main
13560	mash
13558	mark
13566	meet
13582	mend
13583	mess
13581	melt
13595	miss
13591	moan
13589	met
13602	mock
13611	moo
13613	mood
13612	moist
13618	much
13624	muck
13627	munch
13632	need
13634	never
13635	must
13645	nip
13640	next
13651	nod
13660	noon
13664	not
13669	noun
13675	odd
13672	number
13679	on
13678	off
13680	offer
13692	our
13694	out
13698	outing
13702	pack
13709	paid
13706	pal
13708	pain
13711	panic
13723	pants
13726	pant
13731	part
13739	pat
13743	pats
13744	peck
13750	peep
13753	pest
13757	pick
13764	pill
13768	pip
13773	plain
13775	pit
13779	plan
13787	plump
13789	plot
13793	pound
13785	plastic
13804	print
13800	press
13815	problem
13834	puff
13835	punish
13833	proud
13837	quench
13843	quick
13847	quest
13858	quiz
13864	rack
13857	quit
13866	raid
13877	ram
13876	rail
13887	rang
13883	ramp
13889	rap
13893	rash
13902	reef
13905	rest
13899	remember
13909	rent
13918	rich
13921	rid
13929	rip
13930	risk
13937	roast
13945	rob
13949	round
13948	rot
13954	rub
13956	rust
13959	rush
13964	sang
13975	sap
13973	sank
13982	scar
13993	see
13984	scab
13991	scoop
13989	scrap
14003	seeing
14012	seem
14008	seek
14023	sell
14017	seen
14025	send
14024	self
14034	sent
14045	shall
14043	sharp
14047	set
14052	sheet
14056	shin
14060	shift
14062	shiver
14068	shock
14078	shopping
14074	shook
14084	shop
14083	short
14097	sick
14092	shouting
14098	shut
14113	sip
14112	skid
14114	skill
14110	sister
14115	slap
14134	slid
14135	slept
14138	slim
14147	sling
14153	slit
14155	slot
14161	smart
14157	smack
14177	smell
14172	smash
14182	snag
14181	smooth
14187	snap
14199	sniff
14200	snout
14203	snoring
14205	soak
14213	soft
14224	solid
14222	soaking
14227	song
14241	soon
14246	sour
14243	sound
14244	sort
14256	span
14261	spat
14259	spark
14275	speed
14273	speech
14277	spell
14279	spend
14286	spent
14294	spill
14297	spied
14300	spit
14319	splinter
14310	splendid
14325	sport
14340	stack
14324	split
14345	steep
14331	spoil
14348	start
14363	step
14367	stiff
14369	stink
14379	strap
14373	strain
14375	still
14387	stress
14389	strict
14407	stump
14406	stuck
14417	stung
14422	such
14424	suck
14426	sulk
14437	sung
14441	suntan
14443	swam
14445	sweet
14451	tag
14463	tan
14455	swung
14461	swept
14481	taps
14479	tap
14482	tell
14489	tenth
14484	temper
14493	tax
14508	than
14498	test
14517	that
14516	them
14522	then
14523	thick
14528	thing
14520	theft
14535	thin
14543	this
14551	thud
14550	throb
14553	tilt
14555	tied
14557	thump
14563	tin
14571	tinsel
14586	toil
14587	tip
14585	tips
14589	too
14578	tinfoil
14602	took
14608	toot
14611	torch
14620	trap
14619	torn
14623	track
14618	trail
14622	tramp
14630	travel
14650	tried
14652	trick
14659	trim
14663	trot
14661	trod
14660	trip
14671	trust
14685	tuft
14682	tuck
14693	twist
14696	tug
14697	understand
14710	unless
14705	undress
14726	unlock
14727	unplug
14724	unpack
14741	untied
14739	until
14761	us
14757	unwell
14763	upon
14773	value
14772	vat
14771	vain
14776	velvet
14789	verb
14784	vent
14798	vest
14804	visit
14807	vivid
14810	void
14812	wag
14823	wait
14825	waist
14832	waiter
14839	wax
14841	week
14852	went
14849	weeping
14848	weekend
14854	wig
14856	wet
14876	will
14877	win
14880	winner
14886	wish
14891	worn
14893	yap
14890	without
14892	with
14906	yard
14912	yelp
14913	yell
14921	yet
14922	yes
14926	zit
14927	zap
14931	yuck
14944	zoom
14946	add
14945	adult
14956	ant
14957	arch
14952	ark
14960	arm
14961	art
14974	bag
14973	avoid
14975	barn
14988	bed
14983	bee
14987	bat
14989	bell
14986	bedroom
15007	belt
15009	bench
15017	bin
15012	bill
15021	black
15022	bleed
15018	blanket
15025	blender
15049	blink
15056	blond
15052	block
15069	boil
15067	bloom
15065	boat
15072	blossom
15071	boiling
15096	bottom
15094	book
15095	boot
15099	box
15107	brain
15115	brick
15110	boxing
15116	broom
15134	bucket
15136	bud
15135	brush
15133	broomstick
15147	bug
15157	bulb
15158	bump
15156	bumper
15177	bunch
15179	bun
15178	bunk
15189	bus
15183	butter
15190	buttercup
15204	buzz
15203	button
15211	buzzing
15222	cab
15224	cap
15227	car
15220	can
15237	card
15235	caravan
15247	cart
15253	cat
15245	carrot
15255	cartoon
15261	chain
15268	check
15270	chart
15281	cheek
15284	chest
15285	chess
15287	chick
15303	chimp
15295	children
15299	chill
15302	chicken
15322	chin
15315	chimpanzee
15325	clap
15328	chopsticks
15345	cliff
15347	clip
15350	cloak
15354	cling
15359	clock
15372	clog
15374	cloth
15382	coat
15379	cloud
15387	club
15396	cobweb
15401	cod
15404	cog
15410	coil
15412	coffee
15413	comic
15414	coin
15433	cook
15434	cork
15436	corn
15446	corner
15444	cotton
15448	count
15447	couch
15453	crab
15464	cracker
15474	creep
15469	crack
15482	cress
15478	crib
15485	cross
15486	cried
15500	crust
15512	cue
15513	cut
15514	cup
15522	dad
15525	deer
15527	dart
15523	daffodil
15542	die
15537	dentist
15543	desk
15549	dinner
15552	dig
15565	doctor
15566	dish
15571	dog
15577	doll
15582	dot
15585	drain
15586	dragon
15596	drench
15607	drop
15610	drum
15612	duck
15604	dress
15611	drip
15620	dug
15630	duster
15641	eel
15645	egg
15646	exam
15647	eggshell
15653	fan
15649	exit
15656	elf
15662	farm
15674	farmer
15677	farmyard
15684	feet
15689	film
15690	fin
15693	fist
15691	fig
15692	fish
15714	fizz
15715	fix
15722	flock
15723	float
15727	foal
15724	flag
15729	food
15725	flour
15749	fool
15751	foot
15760	fork
15756	forest
15762	fox
15761	frog
15759	footsteps
15766	fort
15785	fuel
15794	gift
15792	gap
15795	glum
15802	goal
15810	goat
15809	golf
15813	green
15817	grid
15827	gull
15826	grub
15831	grin
15845	hail
15841	haddock
15846	gum
15855	hammer
15862	harp
15863	hat
15866	hand
15880	hen
15874	helicopter
15878	hem
15883	herd
15896	hill
15894	hood
15901	hoof
15911	hook
15918	hug
15916	hoop
15919	hump
15917	hops
15927	horn
15922	hut
15925	hop
15942	imp
15950	ink
15948	infant
15952	insect
15959	issue
15954	insects
15968	jab
15977	jacket
15984	jam
15989	jar
15993	jeep
16002	jet
16001	jester
16003	joust
16016	jump
16012	junk
16020	kid
16018	kick
16019	king
16039	ladder
16038	kitten
16040	leek
16044	leg
16046	lemon
16049	letter
16052	lips
16061	lid
16078	liquid
16077	lipstick
16081	list
16084	litter
16083	loaf
16102	log
16094	lock
16097	loop
16117	lump
16118	lunch
16120	lung
16119	magpie
16138	mat
16134	map
16126	mail
16136	man
16152	melon
16154	men
16164	mill
16155	mattress
16167	milk
16168	mint
16160	mermaid
16182	mist
16195	moat
16197	mix
16201	moon
16196	monster
16208	mops
16209	morning
16219	moss
16224	mouth
16225	moth
16238	mug
16233	mushroom
16240	mud
16239	nail
16251	neck
16257	nap
16264	net
16259	nest
16274	oak
16276	nut
16373	pet
16481	printer
16570	raindrops
16666	sad
16769	ship
16880	slick
16975	spoon
17089	stork
17185	tent
17305	tool
17399	twins
17509	yam
16275	nuts
16377	picnic
16477	prick
16581	red
16671	sand
16777	shout
16876	sleep
16978	spots
17091	stop
17186	tennis
17295	toffee
17417	vet
17512	zebra
16284	oats
16389	pie
16476	pots
16587	ribbon
16677	sail
16784	shrimp
16882	slip
16992	spout
17092	storm
17194	thank
17301	toilet
17413	vanilla
17516	zest
16288	oil
16391	pin
16484	puffin
16588	rescue
16685	sandwich
16798	singing
16887	sleeping
16997	sprout
17107	string
17207	thanks
17311	toolbox
17403	umbrella
17520	zigzag
16292	ostrich
16390	pigtail
16489	pump
16606	road
16692	sax
16795	sing
16896	slipper
16990	spring
17106	street
17214	think
17324	top
17411	up
17525	zoo
16295	oilcan
16402	pinch
16509	pumpkin
16602	ring
16695	sat
16799	silk
16901	slug
17006	sprouts
17111	strong
17217	three
17321	tooth
17435	web
17523	zip
16304	pad
16408	pink
16511	punch
16605	river
16703	scarf
16796	singer
16912	snack
17010	squid
17116	sum
17219	thorn
17325	toothbrush
17441	wedding
16311	pail
16407	pingpong
16510	pup
16613	robin
16700	scooter
16797	silver
16913	snail
17009	squirrel
17128	summer
17212	thinking
17340	train
17451	well
16314	paint
16411	plug
16525	quack
16621	rock
16708	scout
16802	sink
16916	snip
17024	stag
17129	supper
17234	thunder
17339	tree
17444	weed
16316	painter
16420	plum
16527	quail
16626	roof
16725	seed
16825	sit
16925	soap
17018	stain
17132	sun
17238	thunderstorm
17328	tractor
17452	willing
16315	paintbrush
16418	pocket
16530	queen
16628	rocket
16718	scrapbook
16827	sits
16922	snug
17042	star
17134	sweep
17237	throat
17338	trout
17449	weep
16321	painting
16427	plus
16531	quill
16630	rod
16724	seven
16831	sitting
16933	soil
17041	stand
17148	swim
17253	tie
17362	truck
17454	wind
16339	park
16438	pod
16528	puppet
16638	rook
16721	second
16837	six
16935	sock
17043	stamp
17142	sweetcorn
17250	tick
17363	trumpet
17458	windmill
16342	pan
16447	pool
16545	rabbit
16640	room
16746	shed
16832	sixth
16944	soot
17046	statue
17154	swing
17263	tissue
17364	trunk
17480	wink
16355	peel
16442	point
16549	rag
16644	root
16732	shampoo
16834	sixteen
16949	south
17051	stem
17151	swimmer
17259	till
17379	twig
17468	wing
16345	parrot
16453	pond
16550	quilt
16655	rug
16750	shark
16845	skin
16950	spelling
17068	sticker
17171	tank
17267	toad
17373	tunnel
17483	winter
16357	peg
16452	pop
16563	raincoat
16658	rung
16755	sheep
16863	skull
16954	spin
17060	stick
17177	tart
17271	toadstool
17387	tusk
17487	wood
16351	pattern
16461	popcorn
16564	ran
16660	run
16762	shell
16861	skip
16962	splash
17070	sting
17178	tail
17279	toaster
17385	twin
17494	woof
16369	pen
16471	port
16566	rain
16663	sack
16763	shelf
16867	skunk
16968	spook
17078	stood
17180	ten
17280	toast
17404	under
17496	yak
16374	pepper
16470	pot
16578	rat
16662	runner
16766	shocking
16868	slam
16970	spot
17083	stool
17183	teeth
17281	toddler
17407	van
17492	wool
16273	north